{"train_G_loss": 11.346880714409053, "train_D_loss": 0.5481324789870996, "valid_G_loss": 11.655521463602781, "valid_D_loss": 0.27007360928109847, "_timestamp": 1715011082.0304909, "_runtime": 36361.42885875702, "_step": 80}